{
  "hash": "2082ad17",
  "configHash": "c0ab41f0",
  "lockfileHash": "004589dd",
  "browserHash": "e1f8db21",
  "optimized": {
    "@angular/core": {
      "src": "../../../../../node_modules/@angular/core/fesm2022/core.mjs",
      "file": "@angular_core.js",
      "fileHash": "1489aa23",
      "needsInterop": false
    },
    "@angular/platform-browser": {
      "src": "../../../../../node_modules/@angular/platform-browser/fesm2022/platform-browser.mjs",
      "file": "@angular_platform-browser.js",
      "fileHash": "a6164472",
      "needsInterop": false
    },
    "@angular/router": {
      "src": "../../../../../node_modules/@angular/router/fesm2022/router.mjs",
      "file": "@angular_router.js",
      "fileHash": "a77c9607",
      "needsInterop": false
    }
  },
  "chunks": {
    "chunk-ISOS2PAI": {
      "file": "chunk-ISOS2PAI.js"
    },
    "chunk-YW2JQ5US": {
      "file": "chunk-YW2JQ5US.js"
    }
  }
}